1,Loganathan,Bhavaneetharan,fds lane,Male,2000-10-24
2,Kathryne,Wolfe,0 Twin Pines Lane,Female,1970-3-15
3,Correna,Klamp,5 Kennedy Trail,Female,1975-4-16
4,Electra,Hurring,5871 Superior Center,Female,1981-6-29
5,Tressa,Cominello,43 Macpherson Crossing,Female,1971-3-17
6,Merrie,Morais,8 Larry Park,Female,1991-3-30
7,Sondra,Cranch,571 Sutteridge Hill,Female,1971-3-12
8,Urbano,Gammill,863 Westridge Lane,Male,1971-7-11
9,Daria,Appleyard,31252 3rd Trail,Female,1985-3-14
10,Wesley,Cant,04 Cottonwood Alley,Male,1971-3-16
11,johnny,Depp,200/24 Kandy,Male,2000-10-24
12,Kathryne,Wolfe,0 Twin Pines Lane,Female,1970-3-15
13,Cominello,Klamp,5 Kennedy Trail,Female,1975-4-16
14,Electra,Hurring,5871 Superior Center,Female,1981-6-29
15,Tressa,Cominello,43 Macpherson Crossing,Female,1971-3-17
16,Merrie,Morais,8 Larry Park,Female,1991-3-30
17,Merrie,Cranch,571 Sutteridge Hill,Female,1971-3-12
18,Urbano,Merrie,863 Westridge Lane,Male,1971-7-11
19,Daria,Appleyard,31252 3rd Trail,Female,1985-3-14
20,Wesley,Cant,04 Cottonwood Alley,Male,1971-3-16